"id";"name"
11;"CC du Plateau de Lannemezan"
12;"CC Auxonne Pontailler Val de Saône"
13;"CA de Saint-Dié-des-Vosges"
14;"CC Sud Retz Atlantique"
15;"CC Pays de Fontenay-Vendée"
16;"CC Thiérache Sambre et Oise"
17;"CC Haute Sarthe Alpes Mancelles"
18;"CC Carnelle Pays-De-France"
19;"CC des Rives du Haut-Allier"
20;"CC des Portes de la Thiérache"
21;"CC du Val d'Ay"
22;"CC de Petite Camargue"
23;"Toulouse Métropole"
24;"CC des Portes de l'Entre-deux-Mers"
25;"CC du Pays d'Issoudun"
26;"CC de la Sologne des Étangs"
27;"CC du Val d'Argent"
28;"CC du Canton de la Chambre"
29;"CC de la Vallée Verte"
30;"CC l'Orée de la Brie"
31;"CC Cœur d'Yvelines"
32;"CC du Pays de Saint-Yrieix"
33;"CC de la Vanne et du Pays d'Othe"
34;"CC de l'Est Guyanais"
35;"CC du Pays de Pontchâteau Saint-Gildas-des-Bois"
36;"CC du Pays de Saint-Gilles-Croix-de-Vie"
37;"CC du Châtillonnais en Berry"
38;"CC Ouche et Montagne"
39;"CC Provence Verdon"
40;"CC Ardennes Thiérache"
41;"CA Ardenne Métropole"
42;"CC du Triangle Vert"
43;"CC du Pays Rethélois"
44;"CA Communauté Paris-Saclay"
45;"CC Élan Limousin Avenir Nature"
46;"CC du Pays de Honfleur-Beuzeville"
47;"CC Haut-Léon Communauté"
48;"CC Éguzon - Argenton - Vallée de la Creuse"
49;"CC des Cévennes au Mont Lozère"
50;"CC des Forêts du Perche"
51;"CC Médoc Cœur de Presqu'île"
52;"CC Mad et Moselle"
53;"CA Riom Limagne et Volcans"
54;"CC du Pays de Trie et du Magnoac"
55;"CC du Grand Roye"
56;"CC des Hauts Tolosans"
57;"CC Picardie des Châteaux"
58;"CC du Vexin Normand"
59;"CC du Bassin d'Aubenas"
60;"CC Marches du Velay-Rochebaron"
61;"CC Pays Forcalquier et Montagne de Lure"
62;"CC du Pays d'Uzerche"
63;"CC Dieulefit-Bourdeaux"
64;"CC de Haute-Cornouaille"
65;"CC La Domitienne"
66;"CC Vallée de l'Hérault"
67;"CC des Cévennes Gangeoises et Suménoises"
68;"CC Pays de Châteaugiron Communauté"
69;"CC Cluses-Arve et Montagnes"
70;"CA Villefranche Beaujolais Saône"
71;"CC de la Plaine du Rhin"
72;"CC du Val Marnaysien"
73;"CA Alès Agglomération"
74;"CC Côtes de Champagne et Val de Saulx"
75;"CC Morvan Sommets et Grands Lacs"
76;"CC Haut Chemin-Pays de Pange"
77;"CC des Vosges côté Sud Ouest"
78;"CC Anjou Loir et Sarthe"
79;"CC Mont Lozère"
80;"CC du Pays de Revigny-sur-Ornain"
81;"CC du Pays de Montmédy"
82;"CC de Freyming-Merlebach"
83;"CC du Plateau Picard"
84;"CC Pays de Nay"
85;"CC Val 81"
86;"CC des Deux Rives"
87;"CC Estuaire et Sillon"
88;"CC Cagire Garonne Salat"
89;"CC Touraine-Est Vallées"
90;"CA Vienne Condrieu"
91;"CC des Trois Rivières"
92;"CA de Sophia Antipolis"
93;"CC de Bayeux Intercom"
94;"Dijon Métropole"
95;"CU Grand Besançon Métropole"
96;"CA Quimperlé Communauté"
97;"CC Castillon/Pujols"
98;"CA de Béziers-Méditerranée"
99;"CC Maremne Adour Côte Sud"
100;"CC Baugeois Vallée"
101;"CC du Warndt"
102;"CC du Pays Haut Val d'Alzette"
103;"CC du Pays des Sources"
104;"CA de Vesoul"
105;"CC du Val de Sarthe"
106;"CC des Vallées de Thônes"
107;"CC du Genevois"
108;"CC du Pays Rochois"
109;"CA Versailles Grand Parc (C.A.V.G.P.)"
110;"CC du Val de Somme"
111;"CC Yonne Nord"
112;"CA Beaune,Côte et Sud - Communauté Beaune-Chagny-Nolay"
113;"CC Sauer-Pechelbronn"
114;"CC du Grand Pic Saint-Loup"
115;"CA Chartres Métropole"
116;"CC des Landes d'Armagnac"
117;"CC du Pays du Saintois"
118;"CC du Quercy Blanc"
119;"CC Écueillé-Valençay"
120;"CC de la Baie du Cotentin"
121;"CA Val d'Yerres Val de Seine"
122;"CC des Portes de Meuse"
123;"CC de Commercy - Void - Vaucouleurs"
124;"CC Terres des Confluences"
125;"CC des Monts de Lacaune et de la Montagne du Haut Languedoc"
126;"CC Meurthe,Mortagne,Moselle"
127;"CC Terroir de Caux"
128;"CC Les Balcons du Dauphiné"
129;"CA du Grand Chambéry"
130;"CC Bresse Haute Seille"
131;"CU du Grand Poitiers"
132;"CC Pyrénées Vallées des Gaves"
133;"CC Bresse et Saône"
134;"CA du Choletais"
135;"CC du Pays de Meslay-Grez"
136;"CC du Pays de Château-Gontier"
137;"CC de la Vallée de Villé"
138;"CC du Pays Riolais"
139;"CU Le Mans Métropole"
140;"CC des Quatre Rivières"
141;"CC du Haut-Chablais"
142;"CC du Pays du Coquelicot"
143;"CA Dracénie Provence Verdon Agglomération"
144;"CA du Centre Littoral"
145;"CA du Sud"
146;"Métropole Rouen Normandie"
147;"CC de Thann-Cernay"
148;"CC Forêts,Seine et Suzon"
149;"CA du Pays de Grasse"
150;"CA Douaisis Agglo"
151;"Métropole d'Aix-Marseille-Provence"
152;"CA Lannion-Trégor Communauté"
153;"CC Cingal-Suisse Normande"
154;"CC du Confluent et des Coteaux de Prayssas"
155;"CC du Barséquanais en Champagne"
156;"CC des Terres d'Apcher-Margeride-Aubrac"
157;"CA Lisieux Normandie"
158;"CC des Lacs et Montagnes du Haut-Doubs"
159;"CA Fécamp Caux Littoral Agglomération"
160;"CC des Terres du Val de Loire"
161;"CC Loches Sud Touraine"
162;"CC Haut Limousin en Marche"
163;"CC Porte du Jura"
164;"CA du Pays de Fontainebleau"
165;"CC de la Région de Bar-sur-Aube"
166;"CC Douarnenez Communauté"
167;"CC du Bas Armagnac"
168;"CC de la Station des Rousses-Haut Jura"
169;"CC des Pays de Cayres et de Pradelles"
170;"CC du Sud-Estuaire"
171;"CC du Causse de Labastide-Murat"
172;"CC de la Vallée de la Haute-Sarthe"
173;"CC de la Beauce Loirétaine"
174;"CC Cœur de France"
175;"CC de la Haute-Somme"
176;"CC du Sud Messin"
177;"CC du Val de l'Oise"
178;"CC Porte de Drômardèche"
179;"CC Pays d'Apt-Luberon"
180;"CC du Pays de Mormal"
181;"CC de la Moivre à la Coole"
182;"CC des Portes d'Ariège Pyrénées"
183;"CC Vallées de l'Orne et de l'Odon"
184;"CC de Sézanne-Sud Ouest Marnais"
185;"CA de Châlons-en-Champagne"
186;"CC Chablis Villages et Terroirs"
187;"CU du Grand Reims"
188;"CC Grand-Figeac"
189;"CC Couserans-Pyrénées"
190;"CC des Hauts du Perche"
191;"CC Champagnole Nozeroy Jura"
192;"CC Meuse Rognon"
193;"CC Mâconnais - Tournugeois"
194;"CC Interrégionale Aumale - Blangy-sur-Bresle"
195;"CC Mellois-en-Poitou"
196;"CC Loir-Lucé-Bercé"
197;"CC Cœur de Maurienne Arvan"
198;"CC Tille et Venelle"
199;"CA Montluçon Communauté"
200;"CC des Hautes-Vosges"
201;"CA Evreux Portes de Normandie"
202;"CC des Collines du Perche Normand"
203;"CC Challans-Gois Communauté"
204;"CA de la Région de Château-Thierry"
205;"CC Vallée de l'Ubaye - Serre-Ponçon"
206;"CC Sud Vendée Littoral"
207;"Métropole Européenne de Lille"
208;"CA GrandSoissons Agglomération"
209;"CC du Chemin des Dames"
210;"CC Val de Ligne"
211;"CC du Pays de Mauriac"
212;"CC Fercher Pays Florentais"
213;"CC des Vallées de la Tille et de l'Ignon"
214;"CC du Pays de Conches"
215;"CC de la Lomagne Gersoise"
216;"CC Jalle-Eau-Bourde"
217;"CC du Val de l'Eyre"
218;"CC Côte d'Émeraude"
219;"CC Chabris - Pays de Bazelle"
220;"CA Châteauroux Métropole"
221;"CC du Massif du Vercors"
222;"CC La Grandvallière"
223;"CC Coteaux et Vallées des Luys"
224;"CC de la Forêt"
225;"CC de la Plaine du Nord Loiret"
226;"CA de Longwy"
227;"CC de l'Arc Mosellan"
228;"CA Valenciennes Métropole"
229;"CC Agly Fenouillèdes"
230;"CC de la Vallée de Saint-Amarin"
231;"CC des Villes Sœurs"
232;"CC de la Lomagne Tarn-et-Garonnaise"
233;"CC du Pays de Limours (CCPL)"
234;"CC du Pays d'Olmes"
235;"CC du Pays Rignacois"
236;"CC de l'Île d'Oléron"
237;"CC de Gémozac et de la Saintonge Viticole"
238;"CC du Sartenais Valinco Taravo"
239;"CC du Montbardois"
240;"CC du Diois"
241;"CA du Bassin d'Arcachon Nord"
242;"CA du Grand Dax"
243;"CC du Pays Orne Moselle"
244;"CU de Dunkerque"
245;"CC du Vallespir"
246;"CC de Haute-Tarentaise"
247;"CC du Pays de Cruseilles"
248;"CC Yvetot Normandie"
249;"CC du Pays de Pouzauges"
250;"CA Intercommunale de la Réunion Est (CIREST)"
251;"CC du Perche"
252;"CC des 4B Sud Charente"
253;"CA Val de Garonne Agglomération"
254;"CC du Cordais et du Causse (4 C)"
255;"CC Marche Occitane - Val d'Anglin"
256;"CA Roannais Agglomération"
257;"CC du Sud Corse"
258;"CC du Val d'Amboise"
259;"CA Maubeuge Val de Sambre"
260;"CA Sète Agglopôle Méditerranée"
261;"CC Champsaur-Valgaudemar"
262;"CC des Deux Vallées Vertes"
263;"CC Pays Ségali Communauté"
264;"CA du Pays de Saint-Omer"
265;"CC Randon - Margeride"
266;"CA Tarbes-Lourdes-Pyrénées"
267;"CC Seulles Terre et Mer"
268;"CC Terres de Chalosse"
269;"CC des Portes Euréliennes d'Île-de-France"
270;"CC Corbières Salanque Méditerranée"
271;"CC du Chaourçois et du Val d'Armance"
272;"CC de Pouilly-en-Auxois/Bligny-sur-Ouche"
273;"CC Cœur de Charente"
274;"CC Val de Gers"
275;"CC Touraine Vallée de l'Indre"
276;"CC Le Gesnois Bilurien"
277;"CC Mirebellois et Fontenois"
278;"CC Mézenc-Loire-Meygal"
279;"CA Coulommiers Pays de Brie"
280;"CA Privas Centre Ardèche"
281;"CA Seine Normandie Agglomération"
282;"CC Cœur et Coteaux du Comminges"
283;"CC Touraine Val de Vienne"
284;"CC Forêts,Lacs,Terres en Champagne"
285;"CA d'Arles-Crau-Camargue-Montagnette"
286;"CC Terre d'Auge"
287;"CC du Pays Gentiane"
288;"CC de la Save au Touch"
289;"CC Médullienne"
290;"CA du Pays de Saint Malo Agglomération"
291;"CC du Castelrenaudais"
292;"Nantes Métropole"
293;"CC des Pays du Sel et du Vermois"
294;"CA Portes de France-Thionville"
295;"CC des Quatre Rivières"
296;"CC Orée de Bercé - Belinois"
297;"CC du Pays de l'Huisne Sarthoise"
298;"CC Val Guiers"
299;"CC Vaison Ventoux"
300;"CC Faucigny-Glières"
301;"CC du Pays de Fayence"
302;"CC Gâtinais Val de Loing"
303;"CC Rives de l'Ain - Pays du Cerdon"
304;"CC Gally Mauldre"
305;"CC Beaujolais Pierres Dorées"
306;"CA du Niortais"
307;"CC du Bazadais"
308;"CA du Grand Verdun"
309;"CC Porte Océane du Limousin"
310;"CC du Centre-Ouest"
311;"CC Sud Alsace Largue"
312;"CA Saint-Louis Agglomération"
313;"CC de Damvillers Spincourt"
314;"CC du Béarn des Gaves"
315;"CA Thonon Agglomération"
316;"CC Les Bertranges"
317;"CC de l'Ouest Vosgien"
318;"CA d'Épinal"
319;"CC Cœur de Garonne"
320;"CC du Haut Pays du Montreuillois"
321;"CA Mont-Saint-Michel-Normandie"
322;"CC Coeur du Pays Haut"
323;"CA Mâconnais Beaujolais Agglomération"
324;"CA ECLA  (Espace Communautaire Lons Agglomération)"
325;"CC Plaine Limagne"
326;"CC Bresse Louhannaise Intercom'"
327;"CC du Limouxin"
328;"CC Adour Madiran"
329;"CC de l'Île-Rousse - Balagne"
330;"CC Nebbiu - Conca d'Oro"
331;"CA Laval Agglomération"
332;"CU Le Havre Seine Métropole"
333;"CA Le Grand Narbonne"
334;"CC Cère et Goul en Carladès"
335;"CC de Bénévent Grand Bourg"
336;"CC du Pays de Sancey-Belleherbe"
337;"CC du Plateau de Frasne et du Val de Drugeon (CFD)"
338;"CA du Sicoval"
339;"CC du Saves"
340;"CC de Bièvre Est"
341;"CC des Collines du Perche"
342;"CC de la Sologne des Rivières"
343;"CC des Sucs"
344;"CU Angers Loire Métropole"
345;"CC Roi Morvan Communauté"
346;"Clermont Auvergne Métropole"
347;"CC des Monts de Gy"
348;"CU Limoges Métropole"
349;"CC des Portes de Romilly-sur-Seine"
350;"CC Cœur de Sologne"
351;"CA du Caudrésis et du Catésis"
352;"CC de la Costa Verde"
353;"CA Durance-Lubéron-Verdon Agglomération"
354;"CC Pays du Mont-Blanc"
355;"CA Var Estérel Méditerranée (Cavem)"
356;"CC du Provinois"
357;"CC de Lacq-Orthez"
358;"CC du Périgord Ribéracois"
359;"CC de la Haute Comté"
360;"CA du Pays de Laon"
361;"CC Lieuvin Pays d'Auge"
362;"CA Saint-Lô Agglo"
363;"CC de la Châtaigneraie Cantalienne"
364;"CC de l'Oust à Brocéliande"
365;"CC de Vendeuvre-Soulaines"
366;"CC Loudéac Communauté - Bretagne Centre"
367;"CC Cœur de Loire"
368;"CC Les Vals du Dauphiné"
369;"CC du Bassin Auterivain Haut-Garonnais"
370;"CC Pays Fort Sancerrois Val de Loire"
371;"CC du Ternois"
372;"CC Terres de Perche"
373;"CC Terres-de-Montaigu,communauté de communes Montaigu-Rocheservière"
374;"CC du Grand Autunois Morvan"
375;"CC Cœur de Berry"
376;"CC de Gevrey-Chambertin et de Nuits-Saint-Georges"
377;"CC du Vimeu"
378;"CC du Territoire Nord Picardie"
379;"CC Le Grand Charolais"
380;"CC du Pays d'Othe"
381;"CC Aveyron Bas Ségala Viaur"
382;"CC de Saulieu"
383;"CC du Pays de Landivisiau"
384;"CC Cœur d'Astarac en Gascogne"
385;"CC de l'Estuaire"
386;"CC du Grand Cubzaguais"
387;"CC du Pays de Lunel"
388;"CA du Pays Voironnais"
389;"Saint-Etienne Métropole"
390;"CC Lot et Tolzac"
391;"CC du Vexin-Thelle"
392;"CC de la Picardie Verte"
393;"CC de la Terre des Deux Caps"
394;"CC des Vallons du Lyonnais (CCVL)"
395;"CC des Vallées d'Aigueblanche"
396;"CC Porte de Maurienne"
397;"CA de Castres Mazamet"
398;"CC Aygues-Ouvèze en Provence (CCAOP)"
399;"CC de la Plaine Dijonnaise"
400;"CC Les Portes Briardes entre Villes et Forêts"
401;"CC Haut-Jura Saint-Claude"
402;"CC de Fium'orbu Castellu"
403;"CC Charlieu-Belmont"
404;"CC Région Lézignanaise,Corbières et Minervois"
405;"CC du Pays de Mortagne-au-Perche"
406;"CC de Saint-Méen Montauban"
407;"CC des Hauts de Flandre"
408;"CC Vallée de la Dordogne et Forêt Bessède"
409;"CC Chinon,Vienne et Loire"
410;"CA Cœur d'Essonne Agglomération"
411;"CU Grand Paris Seine et Oise"
412;"CA Pays de Montbéliard Agglomération"
413;"CC Sundgau"
414;"CC du Pithiverais"
415;"CC Decazeville Communauté"
416;"CC Creuse Sud Ouest"
417;"CC Centre Morbihan Communauté"
418;"CC Billom Communauté"
419;"CC des Pays de L'Aigle"
420;"CC La Rochefoucauld - Porte du Périgord"
421;"CC du Pays de Bitche"
422;"CC Communauté Bray-Eawy"
423;"CC Cœur de Beauce"
424;"CC Terre de Picardie"
425;"CC Haute-Provence-Pays de Banon"
426;"CA Vichy Communauté"
427;"CC Domfront Tinchebray Interco"
428;"CA Chauny-Tergnier-La Fère"
429;"CC du Bocage Mayennais"
430;"CC des Deux Vallées"
431;"CC du Pays de Wissembourg"
432;"CC Fier et Usses"
433;"CC Campagne-de-Caux"
434;"CA du Grand Avignon (COGA)"
435;"CC du Pays des Sorgues et des Monts de Vaucluse"
436;"CC Briance-Combade"
437;"CA de l'Espace Sud de la Martinique"
438;"CA du Centre de la Martinique"
439;"CC Sauldre et Sologne"
440;"CC Tarn-Agout"
441;"CA Vitré Communauté"
442;"CC Carmausin-Ségala"
443;"CC Rhône Crussol"
444;"CC Osartis Marquion"
445;"CC Entre Beauce et Perche"
446;"CC Val ès Dunes"
447;"CC du Pays de Stenay et du Val Dunois"
448;"CC Xaintrie Val'Dordogne"
449;"CC Presqu'île de Crozon-Aulne maritime"
450;"CC Quercy Vert-Aveyron"
451;"CC Coteaux et Plaines du Pays Lafrançaisain"
452;"CC Amognes Cœur du Nivernais"
453;"CC des Baronnies en Drôme Provençale"
454;"CC de la Porte des Vosges Méridionales"
455;"CC Pays d'Orthe et Arrigans"
456;"CC du Pays de Dol et de la Baie du Mont Saint-Michel"
457;"CC Arbois,Poligny,Salins,Cœur du Jura"
458;"CA Seine-Eure"
459;"CA du Pays de Gex"
460;"CC du Briançonnais"
461;"CC Ardenne,Rives de Meuse"
462;"CC Cœur de Nacre"
463;"CC Sumène - Artense"
464;"CC Rives de Saône"
465;"CA Mont-de-Marsan Agglomération"
466;"CC du Haut-Lignon"
467;"CC du Pays de Duras"
468;"CC Vienne et Gartempe"
469;"CC Haute-Maurienne Vanoise"
470;"CC Avre Luce Noye"
471;"CC Les Avant-Monts"
472;"CC Les Portes de l'Ile de France"
473;"CA du Bassin de Bourg-en-Bresse"
474;"CC du Pays de Lapalisse"
475;"CC du Pays des Ecrins"
476;"CC Berg et Coiron"
477;"CA du Bassin d'Aurillac"
478;"CC du Pays Châtillonnais"
479;"CC du Kreiz-Breizh (CCKB)"
480;"CC Périgord-Limousin"
481;"CC Communauté Lesneven Côte des Légendes"
482;"CC du Pays de Landerneau-Daoulas"
483;"CC Rhony,Vistre,Vidourle"
484;"CA de Nîmes Métropole"
485;"CC du Val d'Amour"
486;"CC du Sammiellois"
487;"CC de Blavet Bellevue Océan"
488;"CC Flandre Lys"
489;"CC des Sablons"
490;"CC de la Région de Molsheim-Mutzig"
491;"CC des Combes"
492;"CC Arve et Salève"
493;"CA de l'Albigeois (C2A)"
494;"CC du Pays de la Châtaigneraie"
495;"CC Gartempe - Saint-Pardoux"
496;"CC du Val de Vienne"
497;"CC de l'Agglomération Migennoise"
498;"CA Territoire de la Côte Ouest (TCO)"
499;"CC de la Région de Rambervillers"
500;"CC Arnon Boischaut Cher"
501;"CC du Trièves"
502;"CC Pays d'Uzès"
503;"CC des Sources de l'Orne"
504;"CC Alpes d'Azur"
505;"CA Rochefort Océan"
506;"CA de la Porte du Hainaut"
507;"CC Bresse Revermont 71"
508;"CC Mayenne Communauté"
509;"CA Pau Béarn Pyrénées"
510;"CC Serein et Armance"
511;"CC du Royans-Vercors"
512;"CA Guingamp-Paimpol Agglomération de l'Armor à l'Argoat"
513;"CC Cœur du Perche"
514;"CA de Chaumont"
515;"CC Terre d'Eau"
516;"CC Pontivy Communauté"
517;"CC du Pays Noyonnais"
518;"CC Rahin et Chérimont"
519;"CC de Yenne"
520;"CC du Pays Loudunais"
521;"CC de Noblat"
522;"CC Portes du Berry entre Loire et Val d'Aubois"
523;"CC Plaines et Monts de France"
524;"CC du Frontonnais"
525;"CC du Serein"
526;"CC Ardèche des Sources et Volcans"
527;"CC du Bassin de Pont-à-Mousson"
528;"CC du Sud Gironde"
529;"CA Roissy Pays de France"
530;"CA Grand Paris Sud Seine Essonne Sénart"
531;"CC Interco Normandie Sud Eure"
532;"CA Grand Auch Cœur de Gascogne"
533;"CC Senlis Sud Oise"
534;"CC Saint Affricain,Roquefort,Sept Vallons"
535;"CA Arlysère"
536;"CA de Lamballe Terre et Mer"
537;"CC La Clayette Chauffailles en Brionnais"
538;"CA Sarreguemines Confluences"
539;"CC Somme Sud-Ouest"
540;"CC Maine Saosnois"
541;"CC des Vallées de la Braye et de l'Anille"
542;"CC du Canton d'Oulchy-le-Château"
543;"CC de Mimizan"
544;"CC Terres de Bresse"
545;"CC du Pays Fertois et du Bocage Carrougien"
546;"CC Val-de-Cher-Controis"
547;"CA Fougères Agglomération"
548;"CC de la Champagne Conlinoise et du Pays de Sillé"
549;"CC du Pays d'Huriel"
550;"CC Celavu-Prunelli"
551;"CC de la Tenarèze"
552;"CC des Coteaux Bordelais"
553;"CA Hérault-Méditerranée"
554;"CC Roche aux Fées Communauté"
555;"CC Val de l'Indre - Brenne"
556;"CC du Pays entre Loire et Rhône"
557;"CA de la Région Nazairienne et de l'Estuaire (CARENE)"
558;"CC du Pays de Lauzun"
559;"CC Cœur de Lozère"
560;"CA de Nevers"
561;"CC du Clermontois"
562;"CC de l'Aire Cantilienne"
563;"CC du Pays de Valois"
564;"CA d'Hénin-Carvin"
565;"CC Sud-Roussillon"
566;"CC des Aspres"
567;"CC de Sablé-sur-Sarthe"
568;"CC Moret Seine et Loing"
569;"CC du Pays Réuni d'Orange"
570;"CC du Jovinien"
571;"CC de la Vallée de l'Oise et des Trois Forêts"
572;"CA Cap Excellence"
573;"CC Cœur de Tarentaise"
574;"CA du Grand Villeneuvois"
575;"CC de la Pieve de l'Ornano et du Taravo"
576;"CC Loué - Brûlon - Noyen"
577;"CC du Terrassonnais en Périgord Noir Thenon Hautefort"
578;"CC du Pays Rhénan"
579;"CC Grand Orb"
580;"CC Perthois-Bocage et Der"
581;"CC Beauce Val de Loire"
582;"CA Plaine Vallée"
583;"CA Gaillac-Graulhet"
584;"CC Vallées et Plateau d'Ardenne"
585;"CC de Miribel et du Plateau"
586;"CC Larzac et Vallées"
587;"CC Les Trois Provinces"
588;"CA de Bastia"
589;"CC de Calvi Balagne"
590;"CC du Grand Armagnac"
591;"Montpellier Méditerranée Métropole"
592;"CC du Clermontais"
593;"CC Cœur de Brenne"
594;"CC de la Châtre et Sainte-Sévère"
595;"CC du Pays Tarusate"
596;"CC Côte Landes Nature"
597;"CC de Nozay"
598;"CC Anjou Bleu Communauté"
599;"CC de la Brie Champenoise"
600;"CC Moselle et Madon"
601;"CA de Forbach Porte de France"
602;"CC Aure-Louron"
603;"CC du Pays d'Héricourt"
604;"CC de Londinières"
605;"CC Caux - Austreberthe"
606;"CC Falaises du Talou"
607;"CC du Val d'Essonne (CCVE)"
608;"CC du Haut-Allier"
609;"CC de la Marche Berrichonne"
610;"CC de la Vallée de Chamonix-Mont-Blanc"
611;"CC de la Gascogne Toulousaine"
612;"CC Méditerranée Porte des Maures"
613;"CC des Monts d'Alban et du Villefranchois"
614;"CC Cœur de Chartreuse"
615;"CC Isle Double Landais"
616;"CA Luberon Monts de Vaucluse"
617;"CC Auray Quiberon Terre Atlantique"
618;"CC Pays Rhin - Brisach"
619;"CA du Cotentin"
620;"CC Maine Cœur de Sarthe"
621;"CC Norge et Tille"
622;"CC du Val de Sully"
623;"CC Lyons Andelle"
624;"CA du Grand Cognac"
625;"CC de l'Est de la Somme"
626;"CA du Puy-en-Velay"
627;"CC Ouest Aveyron Communauté"
628;"CC Saint-Marcellin Vercors Isère Communauté"
629;"CC de Seille et Grand Couronné"
630;"CC Orne Lorraine Confluences"
631;"CC des Terres du Lauragais"
632;"CC de la Côtière à Montluel"
633;"CC des Portes du Luxembourg"
634;"CC du Réquistanais"
635;"CC Conques-Marcillac"
636;"CA Bourges Plus"
637;"CC du Centre Corse"
638;"CC Isle-Loue-Auvézère en Périgord"
639;"CC du Doubs Baumois"
640;"CC du Pays Fouesnantais"
641;"CC du Fronsadais"
642;"CC du Val d'Ille-Aubigné"
643;"CC Bretagne Romantique"
644;"CC de la Région de Levroux"
645;"CC du Haut-Jura - ARCADE"
646;"CC Loire et Semène"
647;"CC du Pays Solesmois"
648;"CC des Pays d'Oise et d'Halatte"
649;"CC de la Haute-Bigorre"
650;"CC Bresse Nord Intercom"
651;"CA La Roche-sur-Yon Agglomération"
652;"CC de l'Ouest Guyanais"
653;"CC Rhône Lez Provence"
654;"CC du Val de Bouzanne"
655;"CC de Marana-Golo"
656;"CC de la Matheysine"
657;"CC Haut Val de Sèvre"
658;"CC Pyrénées Audoises"
659;"Métropole de Lyon"
660;"Métropole du Grand Paris"
661;"CA Paris - Vallée de la Marne"
662;"CA Mauges Communauté"
663;"CA Dembeni-Mamoudzou"
664;"CA du Grand Nord de Mayotte"
665;"CC Val de Meuse - Voie Sacrée"
666;"CC Arize Lèze"
667;"CC Haute-Corrèze Communauté"
668;"CC Ploërmel Communauté"
669;"CC Serre-Ponçon Val d'Avance"
670;"CC Houve-Pays Boulageois"
671;"CC Thelloise"
672;"CC de l'Oise Picarde"
673;"CC Andaine - Passais"
674;"CA des Deux Baies en Montreuillois"
675;"CC de la Dombes"
676;"CC du Nogentais"
677;"CC de Desvres-Samer"
678;"CC Sarlat-Périgord Noir"
679;"CC Armagnac Adour"
680;"CA Carcassonne Agglo"
681;"CC du Clunisois"
682;"CC de la Région de Suippes"
683;"CC Sud-Hérault"
684;"CC Drôme Sud Provence"
685;"CC du Pays de Craon"
686;"CC Normandie-Cabourg-Pays d'Auge"
687;"CC de la Haute Ariège"
688;"CC Causses et Vallée de la Dordogne"
689;"CC Monts,Rance et Rougier"
690;"CC du Haut-Béarn"
691;"CA Golfe du Morbihan - Vannes Agglomération"
692;"CA de Cambrai"
693;"CC du Territoire de Fresnes-en-Woëvre"
694;"CC du Pays de Phalsbourg"
695;"CA Colmar Agglomération"
696;"CA Melun Val de Seine"
697;"CC du Pays de l'Ourcq"
698;"CC Pays de Montereau"
699;"CA Ventoux-Comtat-Venaissin (COVE)"
700;"CC Territoriale Sud-Luberon"
701;"CC du Pays des Achards"
702;"CC Vendée,Sèvre,Autise"
703;"CC des Deux Vallées"
704;"CA du Nord Basse-Terre"
705;"CC des Quatre Rivières"
706;"CC Pays de Nexon Monts de Chalus"
707;"CC des Coteaux du Val-d'Arros"
708;"CA Les Sables d'Olonne Agglomération"
709;"CA Saumur Val de Loire"
710;"CA du Pays de Meaux"
711;"CC de la Champagne Picarde"
712;"CC de Ventadour - Egletons - Monédières"
713;"CC de l'Alta Rocca"
714;"CC du Pays Morcenais"
715;"CC du Pilat Rhodanien"
716;"CC des Quatre Vallées"
717;"CC des Coteaux et Landes de Gascogne"
718;"CC de la Grande Vallée de la Marne"
719;"CC de l'Ernée"
720;"CC du Bassin de Pompey"
721;"CC du Massif du Sancy"
722;"CC de Sélestat"
723;"CC du Pays de Niederbronn-les-Bains"
724;"CC de la Vallée de Kaysersberg"
725;"CC du Pays de Villersexel"
726;"CA Val d'Europe Agglomération"
727;"CC du Thouarsais"
728;"CA Amiens Métropole"
729;"CC Pays de Chantonnay"
730;"CC du Sud Territoire"
731;"CA CIVIS (Communauté Intercommunale des VIlles Solidaires)"
732;"CC Chalosse Tursan"
733;"CA Bergeracoise"
734;"CC Bretagne porte de Loire Communauté"
735;"CC Neste Barousse"
736;"CC Nièvre et Somme"
737;"CC Retz-en-Valois"
738;"CC de Vie et Boulogne"
739;"CC du Grand Langres"
740;"CC Terre d'Émeraude Communauté"
741;"CC de la Thiérache du Centre"
742;"CC La Septaine"
743;"CA du Pays Ajaccien"
744;"CC du Grand Pontarlier"
745;"CC des Portes du Haut-Doubs"
746;"CC Poher communauté"
747;"CC Terre de Camargue"
748;"CC de Montesquieu"
749;"CA de la Presqu'île de Guérande Atlantique (Cap Atlantique)"
750;"CC Le Grésivaudan"
751;"CA de Bar-le-Duc - Sud Meuse"
752;"CC du Pays de Barr"
753;"CC du Kochersberg"
754;"CC Astarac Arros en Gascogne"
755;"CC des Coteaux Arrats Gimone"
756;"CC Vallons de Haute-Bretagne Communauté"
757;"CC Hautes Terres Communauté"
758;"CC de Puisaye-Forterre"
759;"CC des Luys en Béarn"
760;"CC Saône-Beaujolais"
761;"CA du Beauvaisis"
762;"CA de la Provence Verte"
763;"CA Grand Belfort"
764;"CA Troyes Champagne Métropole"
765;"CC Aubrac Lot Causses Tarn"
766;"CA du Libournais"
767;"CC du Bocage Bourbonnais"
768;"CC des Vallées du Haut-Anjou"
769;"CC du Pays des Paillons"
770;"CA de la Rochelle"
771;"CC Cœur de Saintonge"
772;"CC du Bassin de Marennes"
773;"CC du Haut Pays Bigouden"
774;"CC des Coteaux Bellevue"
775;"CA du Pays de l'Or"
776;"Rennes Métropole"
777;"CC des Grands Lacs"
778;"CC de la Vallée du Lot et du Vignoble"
779;"CC du Pays du Sanon"
780;"CC Loire et Allier"
781;"CC du Nivernais Bourbonnais"
782;"Eurométropole de Strasbourg"
783;"CC de la Basse-Zorn"
784;"CC du Pays de Luxeuil"
785;"CC des 1000 étangs"
786;"CC du Canton de Semur-en-Brionnais"
787;"CC Les Versants d'Aime"
788;"CC du Pays des Herbiers"
789;"CC des Portes de Vassivière"
790;"CA du Grand Sénonais"
791;"CA Grand Sud Caraïbe"
792;"CA Caux Seine Agglo"
793;"CA Étampois Sud-Essonne"
794;"CC d'Aire-sur-l'Adour"
795;"CC du Lautrécois et du Pays d'Agout"
796;"CC Isle Vern Salembre en Périgord"
797;"CC Bugey Sud"
798;"CC de Flandre Intérieure"
799;"CC Terres du Haut Berry"
800;"CC Intercom Bernay Terres de Normandie"
801;"CC Grand Sud Tarn et Garonne"
802;"CC Spelunca-Liamone"
803;"CC Monts d'Arrée Communauté"
804;"CC Haut Nivernais-Val d'Yonne"
805;"CA Provence-Alpes-Agglomération"
806;"CC Buëch-Dévoluy"
807;"CC Sèvre et Loire"
808;"CC Sarrebourg Moselle Sud"
809;"CA Valence Romans Agglo"
810;"CC du Pays de Maîche"
811;"CC Arc Sud Bretagne"
812;"CC de Montaigne Montravel et Gurson"
813;"CC du Piémont Cévenol"
814;"CC Causses Aigoual Cévennes"
815;"CC des Bastides Dordogne-Périgord"
816;"CA du Pays de Dreux"
817;"CC Aunis Atlantique"
818;"CC des Vals de Saintonge Communauté"
819;"CC Terres de Saône"
820;"CC de Granville,Terre et Mer"
821;"CA du Bassin de Brive"
822;"CC Terre Lorraine du Longuyonnais"
823;"CA Saint-Germain Boucles de Seine"
824;"CU Caen la Mer"
825;"CC Argonne-Meuse"
826;"CC Midi Corrézien"
827;"CC Côte Ouest Centre Manche"
828;"CA du Pays Basque"
829;"CC du Nord Est Béarn"
830;"CC Creuse Confluence"
831;"CC de la Cléry,du Betz et de l'Ouanne"
832;"CC Canaux et Forêts en Gâtinais"
833;"CA de la Région de Compiègne et de la Basse Automne"
834;"CA Quimper Bretagne Occidentale"
835;"CC du Sisteronais-Buëch"
836;"CC Champagne Boischauts"
837;"CC Leff Armor Communauté"
838;"CC Isle et Crempse-en-Périgord"
839;"CC Latitude Nord Gironde"
840;"CC de l'Oisans"
841;"CC des Vals d'Aix et Isable"
842;"CC du Pays d'Urfé"
843;"CC de Grand Lieu"
844;"CC de la Région de Blain"
845;"CC du Gévaudan"
846;"CC du Pays d'Étain"
847;"CC du District Urbain de Faulquemont (DUF)"
848;"CC du Pays de Bray"
849;"CC du Val d'Orne"
850;"CC du Pays de Lumbres"
851;"CC de la Vallée d'Ossau"
852;"CC Roussillon-Conflent"
853;"CC du Pays de la Zorn"
854;"CC du Centre du Haut-Rhin"
855;"CC du Sud Est du Pays Manceau"
856;"CA de la Région Dieppoise"
857;"CA de Cergy-Pontoise"
858;"CA Pays d'Issoire"
859;"CC Médoc Atlantique"
860;"CC Commentry Montmarault Néris Communauté"
861;"CC Pays d'Évian Vallée d'Abondance"
862;"CC du Rhône aux Gorges de l'Ardèche"
863;"CC Cœur Haute Lande"
864;"CC Val de Saône Centre"
865;"CC Lavalette Tude Dronne"
866;"CC du Territoire de Lunéville à Baccarat"
867;"CC Usses et Rhône"
868;"CA Moulins Communauté"
869;"CC du Pays Arnay Liernais"
870;"CA du Saint-Quentinois"
871;"CC Vendée Grand Littoral"
872;"CC Vierzon-Sologne-Berry"
873;"CC du Val de l'Aisne"
874;"CC du Canton de Charly-sur-Marne"
875;"CC de l'Orvin et de l'Ardusson"
876;"CA Royan Atlantique"
877;"CC du Val de Drôme en Biovallée"
878;"CC du Pays du Neubourg"
879;"CC Cap Sizun - Pointe du Raz"
880;"CC du Pays Bigouden Sud"
881;"CA Concarneau Cornouaille Agglomération"
882;"CC Jura Nord"
883;"Orléans Métropole"
884;"CC du Pays de Ribeauvillé"
885;"CC du Pays Mornantais (COPAMO)"
886;"CC Sud Côte Chalonnaise"
887;"CC du Quercy Caussadais"
888;"CC des Sorgues du Comtat"
889;"CC de l'Aillantais"
890;"CC Pays de Nérondes"
891;"CA du Grand Dole"
892;"CU Perpignan Méditerranée Métropole"
893;"CC Piège Lauragais Malepère"
894;"CC des Bastides en Haut-Agenais Périgord"
895;"CC des Gorges de l'Ardèche"
896;"CC Lacs et Gorges du Verdon"
897;"CC Cœur de Savoie"
898;"CC Portes de la Creuse en Marche"
899;"CC Bruyères-Vallons des Vosges"
900;"CC Dombes Saône Vallée"
901;"CC Val de Charente"
902;"CC du Réolais en Sud Gironde"
903;"CA du Nord Grande Terre"
904;"CA de Saint-Quentin-en-Yvelines"
905;"CC de l'Alsace Bossue"
906;"CA de Haguenau"
907;"CC des Causses à l'Aubrac"
908;"CC des Portes de Sologne"
909;"CC Lodévois et Larzac"
910;"CC du Romorantinais et du Monestois"
911;"CC Pays de Nemours"
912;"CC Côtes de Meuse Woëvre"
913;"CC du Sud-Artois"
914;"CC du Grand Saint-Émilionnais"
915;"CC des Hauts du Val de Saône"
916;"CC Rives de Moselle"
917;"CC Val Eyrieux"
918;"CC de la Haute-Saintonge"
919;"CC Aunis Sud"
920;"CC du Pays de Lubersac-Pompadour"
921;"CA du Grand Annecy"
922;"CC Isigny-Omaha Intercom"
923;"CC Loue-Lison"
924;"CA de Saint-Dizier Der et Blaise"
925;"CC Fumel Vallée du Lot"
926;"CC des Hautes Terres de l'Aubrac"
927;"CC Dômes Sancy Artense"
928;"CC Mond'Arverne Communauté"
929;"CC du Rouillacais"
930;"Brest Métropole"
931;"CC du Pays de Sommières"
932;"CC Médoc Estuaire"
933;"CC Liffré-Cormier Communauté"
934;"CC des Monts du Pilat"
935;"CC du Pays de Lalbenque-Limogne"
936;"CC de l'Île de Noirmoutier"
937;"CA Grand Châtellerault"
938;"CC Le Dourdannais en Hurepoix (CCDH)"
939;"CC du Vexin-Val de Seine"
940;"CC des Vallées d'Auge et du Merlerault"
941;"CC Rurales de l'Entre-deux-Mers"
942;"CC des Savoir-Faire"
943;"CC de la Montagne d'Ardèche"
944;"CA de Béthune-Bruay,Artois-Lys Romane"
945;"CC du Pays de la Serre"
946;"CC du Plateau de Montbazens"
947;"CC du Pays d'Ancenis"
948;"CC du Haut Vallespir"
949;"CC de la Vallée de la Bruche"
950;"CC de la Vallée de la Doller et du Soultzbach"
951;"CC du Pays de l'Arbresle (CCPA)"
952;"CC du Pays de l'Ozon"
953;"CC Entre Saône et Grosne"
954;"CC des Sources du Lac d'Annecy"
955;"CC Entre Juine et Renarde (CCEJR)"
956;"CA Intercommunale du Nord de la Réunion (CINOR)"
957;"CC de l'Oriente"
958;"CC du Pays de Lamastre"
959;"CC de Blaye"
960;"CA de Blois Agglopolys"
961;"CC Val de Gray"
962;"CC Pays des Vans en Cévennes"
963;"CC Val Vanoise"
964;"CA du Pays Nord Martinique"
965;"CC du Pays de Montbozon et du Chanois"
966;"CC de Petite-Terre"
967;"CC Bièvre Isère"
968;"CC Ouest Limousin"
969;"CC Sidobre Vals et Plateaux"
970;"CC Vézère-Monédières-Millesources"
971;"CC Coutances Mer et Bocage"
972;"CA Épernay,Coteaux et Plaine de Champagne"
973;"CC Tannay-Brinon-Corbigny"
974;"CA Creil Sud Oise"
975;"CC Gorges Causses Cévennes"
976;"CC de Vezouze en Piémont"
977;"CC du Grand Châteaudun"
978;"CC Saint-Pourçain Sioule Limagne"
979;"CC Ardèche Rhône Coiron"
980;"CC de la Castagniccia-Casinca"
981;"CC de la Muse et des Raspes du Tarn"
982;"CC Cœur Côte Fleurie"
983;"CC du Bonnevalais"
984;"CC du Pays d'Iroise"
985;"CC des Coteaux du Girou"
986;"CA Redon Agglomération"
987;"CC de la Plaine Jurassienne"
988;"CC d'Erdre et Gesvres"
989;"CC Convergence Garonne"
990;"CC Plateau de Caux-Doudeville-Yerville"
991;"CC Seine et Aube"
992;"CC Inter-Caux-Vexin"
993;"CC Ponthieu-Marquenterre"
994;"CC des Terres d'Auxois"
995;"CC d'Arcis,Mailly,Ramerupt"
996;"CC Pyrénées Haut Garonnaises"
997;"CC Sud Sarthe"
998;"CC de Gâtine et Choisilles - Pays de Racan"
999;"CC du Pays du Vermandois"
1000;"CC du Pays de Salars"
1001;"CA Tulle Agglo"
1002;"CC du Pays d'Alésia et de la Seine"
1003;"CA Morlaix Communauté"
1004;"CC Artagnan de Fezensac"
1005;"CC Montfort Communauté"
1006;"CC du Pays Grenadois"
1007;"CC Quercy - Bouriane"
1008;"CC du Pays de Colombey et du Sud Toulois"
1009;"CA du Val de Fensch"
1010;"CC des Portes de Rosheim"
1011;"CA Le Grand Chalon"
1012;"CC du Sor et de l'Agout"
1013;"Métropole Nice Côte d'Azur"
1014;"CC Berry-Loire-Vauvise"
1015;"CC de Vitry,Champagne et Der"
1016;"CC de Cèze Cévennes"
1017;"CC Cazals-Salviac"
1018;"CA de Saintes"
1019;"CC Avallon,Vézelay,Morvan"
1020;"CA Cannes Pays de Lérins"
1021;"CC du Pays de Serres en Quercy"
1022;"CA de l'Ouest Rhodanien"
1023;"CC de Parthenay-Gâtine"
1024;"CA Lorient Agglomération"
1025;"CC Cœur de l'Avesnois"
1026;"CC du Sud"
1027;"CC de Pont-Audemer / Val de Risle"
1028;"CA Loire Forez Agglomération"
1029;"CC Roumois Seine"
1030;"CC Saint-Flour Communauté"
1031;"CA de l'Auxerrois"
1032;"CC Aubrac,Carladez et Viadène"
1033;"CC Pleyben-Châteaulin-Porzay"
1034;"CC Marche et Combraille en Aquitaine"
1035;"CC Serre-Ponçon"
1036;"CA Pays Foix-Varilhes"
1037;"CC du Canton d'Erstein"
1038;"CC de Mirecourt Dompaire"
1039;"CA Grand Lac"
1040;"CC Val Briard"
1041;"CC Touraine Ouest Val de Loire"
1042;"CA Rambouillet Territoires"
1043;"CC Brioude Sud Auvergne"
1044;"CC de la Plaine de l'Ain"
1045;"CC de l'Île de Ré"
1046;"CC du Pays Dunois"
1047;"CC du Pont du Gard"
1048;"CC Bastides et Vallons du Gers"
1049;"CC du Pays Foyen"
1050;"CC Brenne - Val de Creuse"
1051;"CC Giennoises"
1052;"CC des Trois Forêts"
1053;"CC des Lisières de l'Oise"
1054;"CC de la Région de Guebwiller"
1055;"CU Le Creusot Montceau-les-Mines"
1056;"CC du Pays Fléchois"
1057;"CC Brie Nangissienne"
1058;"CA Grand Montauban"
1059;"CC Cœur du Var"
1060;"CC du Pays de Mortagne"
1061;"CC des Savanes"
1062;"CC du Ried de Marckolsheim"
1063;"CU d'Arras"
1064;"CC Centre Tarn"
1065;"CA du Gard Rhodanien"
1066;"CC Castelnaudary Lauragais Audois"
1067;"CC Le Tonnerrois en Bourgogne"
1068;"CC du Perche et Haut Vendômois"
1069;"CC de Domme-Villefranche du Périgord"
1070;"CA La Riviera du Levant"
1071;"CC de Villedieu Intercom"
1072;"CC du Sud Avesnois"
1073;"CC des Sept Vallées"
1074;"CC du Bassin de Joinville en Champagne"
1075;"CC des Monts du Lyonnais"
1076;"CA Pornic Agglo Pays de Retz"
1077;"CC du Guillestrois et du Queyras"
1078;"CA Clisson Sèvre et Maine Agglo"
1079;"CA Gap-Tallard-Durance"
1080;"CC Argentan Intercom"
1081;"CA Le Muretain Agglo"
1082;"CC Intercom de la Vire au Noireau"
1083;"CC des Campagnes de l'Artois"
1084;"CC de la Côte d'Albâtre"
1085;"CC Terres Touloises"
1086;"CC Brie des Rivières et Châteaux"
1087;"CC du Pays de Saint-Fulgent - Les Essarts"
1088;"CC de Charente Limousine"
1089;"CC Pays d'Opale"
1090;"CC des Deux Morin"
1091;"CC Châteaubriant-Derval"
1092;"CC de Val'Aïgo"
1093;"CA Bassin d'Arcachon Sud-Pôle Atlantique (COBAS)"
1094;"CC du Secteur de Saint-Loubès"
1095;"CC de Brocéliande"
1096;"Tours Métropole Val de Loire"
1097;"CC de Bléré Val de Cher"
1098;"CC Lyon Saint Exupéry en Dauphiné"
1099;"CC de Belle-Île-en-Mer"
1100;"CA de Lens - Liévin"
1101;"CC du Lac d'Aiguebelette (CCLA)"
1102;"CC Rumilly Terre de Savoie"
1103;"CC du Gâtinais en Bourgogne"
1104;"CC Sausseron Impressionnistes"
1105;"CC du Haut Val d'Oise"
1106;"CA Annemasse-les Voirons-Agglomération"
1107;"CC des Coëvrons"
1108;"CA d'Agen"
1109;"CC Ventoux Sud"
1110;"CC du Golfe de Saint-Tropez"
1111;"CA Le Grand Périgueux"
1112;"CC du Crestois et de Pays de Saillans Cœur de Drôme"
1113;"Grenoble-Alpes-Métropole"
1114;"CC Briance Sud Haute Vienne"
1115;"CC Dronne et Belle"
1116;"CC de la Montagne Noire"
1117;"CC des Vallées du Clain"
1118;"CC Berry Grand Sud"
1119;"CC Bazois Loire Morvan"
1120;"CC des Vosges du Sud"
1121;"CC du Civraisien en Poitou"
1122;"CC Thiers Dore et Montagne"
1123;"CC Ambert Livradois Forez"
1124;"CC Chavanon Combrailles et Volcans"
1125;"CA Annonay Rhône Agglo"
1126;"CA Territoires Vendômois"
1127;"CA Grand Calais Terres et Mers"
1128;"CC des Crêtes Préardennaises"
1129;"CC du Pays de Tarascon"
1130;"CC Altitude 800"
1131;"CC du Pays des Abers"
1132;"CC Beaucaire Terre d'Argence"
1133;"CC Couesnon Marches de Bretagne"
1134;"CC Jabron-Lure-Vançon-Durance"
1135;"CC Entr'Allier Besbre et Loire"
1136;"CC du Périgord Nontronnais"
1137;"CA Arche Agglo"
1138;"CC d'Entre Bièvre et Rhône"
1139;"CA Rodez Agglomération"
1140;"CC de Millau Grands Causses"
1141;"CC Le Dunois"
1142;"CC du Seignanx"
1143;"CC du Pays de Villeneuve en Armagnac Landais"
1144;"CC du Grand Chambord"
1145;"CC Questembert Communauté"
1146;"CC de Cattenom et Environs"
1147;"CC du Liancourtois"
1148;"CC de la Région d'Audruicq"
1149;"CC Pyrénées Cerdagne"
1150;"CC Pyrénées catalanes"
1151;"CC du Pays de Sainte-Odile"
1152;"CA Sud Sainte-Baume"
1153;"CC Océan Marais de Monts"
1154;"CC des Montagnes du Giffre"
1155;"CA Terre de Provence"
1156;"CC Vexin Centre"
1157;"CC Porte d'Aquitaine en Pays de Serres"
1158;"Metz Métropole"
1159;"CC Saône Doubs Bresse"
1160;"CC Bassée-Montois"
1161;"CC du Pays de Fénelon"
1162;"CC de Portes Sud Périgord"
1163;"CC Pévèle-Carembault"
1164;"CC du Mont des Avaloirs"
1165;"CA Haut - Bugey Agglomération"
1166;"CC des Albères,de la Côte Vermeille et de l'Illibéris"
1167;"CC Conflent-Canigó"
1168;"CA Mulhouse Alsace Agglomération"
1169;"CC du Minervois au Caroux"
1170;"CC des Paysages de la Champagne"
1171;"CC Comtal Lot et Truyère"
1172;"CC Sud Nivernais"
1173;"CC de Hanau-La Petite Pierre"
1174;"CC de la Mossig et du Vignoble"
1175;"CA Saint-Brieuc Armor Agglomération"
1176;"CC Val de Gâtine"
1177;"CC de la Veyle"
1178;"CC de la Haute Vallée de Chevreuse"
1179;"CC des Ballons des Hautes-Vosges"
1180;"CC Bastides de Lomagne"
1181;"CC des Lacs de Champagne"
1182;"CC de l'Outre-Forêt"
1183;"CA Montélimar Agglomération"
1184;"CC Enclave des Papes-Pays de Grignan"
1185;"CC Airvaudais-Val du Thouet"
1186;"CC Creuse Grand Sud"
1187;"CC du Pays de Mirepoix"
1188;"CA Val Parisis"
1189;"CC de Forez-Est"
1190;"CC de l'Aire à l'Argonne"
1191;"CC du Volvestre"
1192;"CC Berry Loire Puisaye"
1193;"CA Dinan Agglomération"
1194;"CC Cœur d'Ostrevent"
1195;"CA du Boulonnais"
1196;"CC Entre Dore et Allier"
1197;"CC du Pays de Rouffach,Vignobles et Châteaux"
1198;"CC de la Vallée de Munster"
1199;"CC de l'Est Lyonnais (CCEL)"
1200;"CC du Pays de Lure"
1201;"CC de Marcigny"
1202;"CC Maurienne Galibier"
1203;"CA Marne et Gondoire"
1204;"CC Thoré Montagne Noire"
1205;"CC de la Vallée du Gapeau"
1206;"CC de Marie-Galante"
1207;"CC Pré-Bocage Intercom"
1208;"CC du Haut-Poitou"
1209;"CA de la Baie de Somme"
1210;"CC Loire Layon Aubance"
1211;"CC Saint Cyr Mère Boitier entre Charolais et Mâconnais"
1212;"CA du Grand Angoulême"
1213;"CC du Pithiverais-Gâtinais"
1214;"CC du Pays de Saint-Éloy"
1215;"CC du Pays Bellegardien (CCPB)"
1216;"CA de la Riviera Française"
1217;"CC de Lévézou Pareloup"
1218;"CC du Pays de Falaise"
1219;"CC du Val de Morteau"
1220;"CC du Plateau de Russey"
1221;"CC du Pays Viganais"
1222;"CC du Créonnais"
1223;"CA Porte de l'Isère (C.A.P.I)"
1224;"CC des Collines du Nord Dauphiné"
1225;"CC du Pays de Montfaucon"
1226;"CA Montargoise et Rives du Loing (A.M.E.)"
1227;"CC Entre Arroux,Loire et Somme"
1228;"CC Combrailles Sioule et Morge"
1229;"CC Pasquale Paoli"
1230;"CC du Pays de Tronçais"
1231;"CC du Val de Cher"
1232;"CC du Pays Beaume-Drobie"
1233;"CC de l'Argonne Ardennaise"
1234;"CC Vallée des Baux-Alpilles (CC VBA)"
1235;"CC du Pays de Salers"
1236;"CC du Pays Sostranien"
1237;"CC du Pays de Saint-Aulaye"
1238;"CC de Montbenoît"
1239;"CC Lauragais Revel Sorezois"
1240;"Bordeaux Métropole"
1241;"CC Auzon Communauté"
1242;"CC des Loges"
1243;"CC du Sud Marnais"
1244;"Métropole du Grand Nancy"
1245;"CC du Saulnois"
1246;"CC de la Plaine d'Estrées"
1247;"CU d'Alençon"
1248;"CC de la Vallée du Garon (CCVG)"
1249;"CC du Pays Houdanais (C.C.P.H.)"
1250;"CC du Quercy Rouergue et des Gorges de l'Aveyron"
1251;"Métropole Toulon-Provence-Méditerranée"
1252;"CA du Grand Cahors"
1253;"CC d'Auberive Vingeanne et Montsaugeonnais"
1254;"CA du Grand Guéret"
1255;"CA Flers Agglo"
1256;"CA du Bocage Bressuirais"
1257;"CC de la Vallée de l'Homme"
1258;"CC de l'Argonne Champenoise"
1259;"CC du Cap Corse"
1260;"CC Bouzonvillois-Trois Frontières"
1261;"CA Saint-Avold Synergie"
1262;"CC du Pays de Saverne"
1263;"CC Alpes-Provence-Verdon - Sources de Lumière"
1264;"CC Albret Communauté"
